{"Electrode_1": 0.596137749163538}{"Electrode_2": 0.5574189501549236}{"Electrode_3": 0.6230468991985537}{"Electrode_4": 0.8491648809389047}