{"Electrode_1": 0.29074997392211355}{"Electrode_3": 0.3064942332801051}{"Electrode_1": 0.2932095119058216}{"Electrode_-1": 0.7799893451017489}