{"Electrode_30": 0.12325924018304868}{"Electrode_30": 0.1091311224657695}{"Electrode_30": 0.09321107799351791}{"Electrode_30": 0.13536432597357112}