{"Electrode_1": 0.6157452416933653}{"Electrode_1": 0.26589473566382194}