{"Electrode_1": 0.29074997392211355}{"Electrode_3": 0.3064942332801051}